label,area,perimeter,bounding_circle_area,mean_color,texture_contrast,texture_dissimilarity,edge_count
Green Apple,330758.5,2182.3098665475845,358810.1240449034,"(161.87125996714047, 175.63757140919162, 80.3015359570716)",11.199130960909795,0.08418822457551435,2325
Green Apple,92138.5,1893.6479558944702,202617.97716032693,"(191.55414958520288, 202.32809322444237, 110.93186782444022)",7.680796453606096,0.05889116993672601,2097
Green Apple,129612.5,1753.1483994722366,258820.25664813916,"(163.57542777816127, 173.89052253744737, 56.77543851575742)",9.31302214088046,0.06217828696652077,1767
Green Apple,419403.5,4491.424982070923,1041328.7039969916,"(174.57485086796862, 183.25164798906167, 69.31011391716972)",21.10329885673347,0.16158397701024865,5203
